name,family,imgsz,cores,smt,logical_cpus,frames,lat_mean_ms,lat_std_ms,lat_median_ms,lat_p95_ms,lat_ci_low,lat_ci_high,fps_mean,decode_mean_ms,preprocess_mean_ms,infer_mean_ms,postprocess_mean_ms,cpu_pct_mean,cpu_pct_of_cap,rss_peak_mib,torch_threads,baseline_cpu_pct,external_load_cores,core_constraint,cpu_model,candidates_per_frame
fast_320,yolo,320,1,0,1,397,33.786,2.691,33.287,37.009,33.555,34.06,29.598,6.664,0.616,31.997,0.576,94.4,94.4,703.2,8,2.3,,affinity,"AMD64 Family 25 Model 80 Stepping 0, AuthenticAMD",
fast_320,yolo,320,2,0,2,397,23.035,1.652,22.685,25.423,22.88,23.192,43.412,6.054,0.545,21.453,0.542,175.5,87.8,706.6,8,3.6,,affinity,"AMD64 Family 25 Model 80 Stepping 0, AuthenticAMD",
fast_320,yolo,320,4,0,4,397,20.206,2.282,19.325,22.53,19.993,20.441,49.49,6.065,0.445,18.733,0.532,344.9,86.2,708.0,8,3.9,,affinity,"AMD64 Family 25 Model 80 Stepping 0, AuthenticAMD",
fast_320,yolo,320,6,0,6,397,19.618,10.154,17.077,27.594,18.672,20.747,50.973,6.305,1.053,17.51,0.54,519.4,86.6,708.1,8,0.5,,affinity,"AMD64 Family 25 Model 80 Stepping 0, AuthenticAMD",
fast_320,yolo,320,6,1,12,397,17.701,2.273,17.89,19.147,17.493,17.939,56.495,7.179,0.494,16.035,0.588,710.9,59.2,708.9,8,22.9,,affinity,"AMD64 Family 25 Model 80 Stepping 0, AuthenticAMD",
fast_640,yolo,640,1,0,1,397,84.174,2.981,83.749,88.719,83.885,84.487,11.88,7.145,1.679,81.265,0.603,96.0,96.0,725.4,8,2.1,,affinity,"AMD64 Family 25 Model 80 Stepping 0, AuthenticAMD",
fast_640,yolo,640,2,0,2,397,60.341,3.423,59.625,66.857,60.024,60.656,16.572,7.09,1.475,57.613,0.6,183.3,91.6,726.6,8,1.0,,affinity,"AMD64 Family 25 Model 80 Stepping 0, AuthenticAMD",
fast_640,yolo,640,4,0,4,397,46.505,3.666,45.823,50.718,46.179,46.888,21.503,6.26,1.482,43.867,0.609,361.0,90.3,725.4,8,2.1,,affinity,"AMD64 Family 25 Model 80 Stepping 0, AuthenticAMD",
fast_640,yolo,640,6,0,6,397,37.142,4.535,36.44,40.06,36.745,37.641,26.924,6.318,1.099,34.886,0.613,546.9,91.1,725.6,8,4.4,,affinity,"AMD64 Family 25 Model 80 Stepping 0, AuthenticAMD",
fast_640,yolo,640,6,1,12,397,37.372,2.635,37.327,39.94,37.13,37.656,26.758,7.244,1.644,34.478,0.657,743.4,62.0,728.2,8,3.6,,affinity,"AMD64 Family 25 Model 80 Stepping 0, AuthenticAMD",
fast_960,yolo,960,1,0,1,397,158.184,9.154,157.745,169.732,157.362,159.112,6.322,6.28,3.272,152.477,0.697,96.9,96.9,769.9,8,4.4,,affinity,"AMD64 Family 25 Model 80 Stepping 0, AuthenticAMD",
fast_960,yolo,960,2,0,2,397,94.175,7.576,90.519,108.786,93.397,94.879,10.618,6.165,2.727,90.124,0.645,189.0,94.5,771.7,8,2.9,,affinity,"AMD64 Family 25 Model 80 Stepping 0, AuthenticAMD",
fast_960,yolo,960,4,0,4,397,76.206,5.474,75.077,81.158,75.726,76.75,13.122,6.218,2.669,71.933,0.643,372.7,93.2,768.3,8,0.5,,affinity,"AMD64 Family 25 Model 80 Stepping 0, AuthenticAMD",
fast_960,yolo,960,6,0,6,397,62.6,4.037,62.057,65.829,62.254,63.024,15.975,6.287,2.504,58.255,0.634,564.2,94.0,766.9,8,1.3,,affinity,"AMD64 Family 25 Model 80 Stepping 0, AuthenticAMD",
fast_960,yolo,960,6,1,12,397,62.792,2.187,62.671,66.651,62.567,62.988,15.926,7.224,2.872,58.023,0.718,761.2,63.4,769.1,8,9.1,,affinity,"AMD64 Family 25 Model 80 Stepping 0, AuthenticAMD",
yolo_320,yolo,320,1,0,1,397,62.657,1.018,62.461,64.573,62.557,62.757,15.96,6.048,0.533,61.122,0.532,97.0,97.0,749.8,8,4.6,,affinity,"AMD64 Family 25 Model 80 Stepping 0, AuthenticAMD",
yolo_320,yolo,320,2,0,2,397,39.178,0.711,39.118,40.0,39.115,39.255,25.524,6.04,0.446,37.728,0.522,185.1,92.6,749.7,8,2.9,,affinity,"AMD64 Family 25 Model 80 Stepping 0, AuthenticAMD",
yolo_320,yolo,320,4,0,4,397,27.607,0.985,27.444,28.581,27.523,27.711,36.222,6.059,0.46,26.141,0.519,347.7,86.9,748.6,8,1.6,,affinity,"AMD64 Family 25 Model 80 Stepping 0, AuthenticAMD",
yolo_320,yolo,320,6,0,6,397,30.927,13.131,28.021,38.479,29.726,32.301,32.334,6.289,0.571,29.28,0.538,539.6,89.9,749.4,8,0.3,,affinity,"AMD64 Family 25 Model 80 Stepping 0, AuthenticAMD",
yolo_320,yolo,320,6,1,12,397,28.624,1.371,28.877,30.425,28.486,28.76,34.936,7.192,0.486,26.974,0.591,739.2,61.6,751.6,8,3.1,,affinity,"AMD64 Family 25 Model 80 Stepping 0, AuthenticAMD",
yolo_640,yolo,640,1,0,1,397,200.328,8.975,198.171,214.029,199.529,201.205,4.992,6.137,1.755,195.082,0.579,97.8,97.8,785.5,8,0.3,,affinity,"AMD64 Family 25 Model 80 Stepping 0, AuthenticAMD",
yolo_640,yolo,640,2,0,2,397,117.445,10.105,111.709,133.683,116.446,118.429,8.515,6.123,1.283,113.399,0.568,191.3,95.6,795.8,8,3.6,,affinity,"AMD64 Family 25 Model 80 Stepping 0, AuthenticAMD",
yolo_640,yolo,640,4,0,4,397,108.106,8.086,110.742,114.045,107.334,108.903,9.25,6.16,1.231,104.75,0.571,378.4,94.6,787.8,8,1.0,,affinity,"AMD64 Family 25 Model 80 Stepping 0, AuthenticAMD",
yolo_640,yolo,640,6,0,6,397,71.991,5.638,70.911,77.1,71.455,72.583,13.891,6.328,1.185,68.791,0.575,568.3,94.7,787.2,8,1.3,,affinity,"AMD64 Family 25 Model 80 Stepping 0, AuthenticAMD",
yolo_640,yolo,640,6,1,12,397,71.338,2.413,71.136,75.186,71.12,71.572,14.018,7.557,1.661,67.28,0.666,767.0,63.9,792.8,8,1.8,,affinity,"AMD64 Family 25 Model 80 Stepping 0, AuthenticAMD",
yolo_960,yolo,960,1,0,1,397,394.399,7.597,394.206,407.874,393.673,395.124,2.536,6.072,3.217,389.052,0.68,98.5,98.5,843.4,8,2.3,,affinity,"AMD64 Family 25 Model 80 Stepping 0, AuthenticAMD",
yolo_960,yolo,960,2,0,2,397,235.859,24.263,221.091,273.738,233.407,238.156,4.24,6.138,2.848,231.431,0.667,193.3,96.7,846.6,8,1.0,,affinity,"AMD64 Family 25 Model 80 Stepping 0, AuthenticAMD",
yolo_960,yolo,960,4,0,4,397,219.243,13.359,219.405,231.339,217.956,220.428,4.561,6.218,3.059,214.85,0.675,385.5,96.4,845.2,8,2.6,,affinity,"AMD64 Family 25 Model 80 Stepping 0, AuthenticAMD",
yolo_960,yolo,960,6,0,6,397,146.356,9.995,144.565,161.075,145.52,147.353,6.833,6.383,2.613,142.174,0.661,580.3,96.7,847.5,8,0.3,,affinity,"AMD64 Family 25 Model 80 Stepping 0, AuthenticAMD",
yolo_960,yolo,960,6,1,12,397,137.589,3.07,137.12,143.673,137.306,137.887,7.268,7.328,2.925,133.117,0.733,779.7,65.0,847.7,8,1.0,,affinity,"AMD64 Family 25 Model 80 Stepping 0, AuthenticAMD",
ssd_large_320,ssd,320,1,0,1,397,40.455,0.568,40.377,41.549,40.404,40.508,24.719,7.57,6.398,31.548,2.51,97.9,97.9,705.8,1,0.8,,affinity,"AMD64 Family 25 Model 80 Stepping 0, AuthenticAMD",
ssd_large_320,ssd,320,2,0,2,397,34.383,0.424,34.339,35.183,34.34,34.426,29.084,7.643,6.208,25.684,2.492,191.4,95.7,702.8,2,5.1,,affinity,"AMD64 Family 25 Model 80 Stepping 0, AuthenticAMD",
ssd_large_320,ssd,320,4,0,4,397,31.797,1.062,31.608,33.023,31.704,31.9,31.449,7.312,6.191,23.065,2.542,375.6,93.9,704.3,4,0.3,,affinity,"AMD64 Family 25 Model 80 Stepping 0, AuthenticAMD",
ssd_large_320,ssd,320,6,0,6,397,30.532,0.603,30.424,31.728,30.475,30.593,32.753,7.858,6.329,21.624,2.578,561.3,93.5,706.4,6,0.5,,affinity,"AMD64 Family 25 Model 80 Stepping 0, AuthenticAMD",
ssd_large_320,ssd,320,6,1,12,397,39.195,1.305,38.893,41.591,39.059,39.322,25.513,9.042,7.799,27.287,4.11,1110.7,92.6,710.1,12,3.6,,affinity,"AMD64 Family 25 Model 80 Stepping 0, AuthenticAMD",
ssd_large_640,ssd,640,1,0,1,397,125.076,2.784,124.813,128.657,124.806,125.348,7.995,7.232,10.012,113.081,1.982,98.3,98.3,815.0,1,9.4,,affinity,"AMD64 Family 25 Model 80 Stepping 0, AuthenticAMD",
ssd_large_640,ssd,640,2,0,2,397,88.115,2.668,87.598,92.807,87.861,88.373,11.349,7.691,9.472,76.666,1.977,194.4,97.2,797.2,2,8.9,,affinity,"AMD64 Family 25 Model 80 Stepping 0, AuthenticAMD",
ssd_large_640,ssd,640,4,0,4,397,77.224,4.61,76.83,84.458,76.771,77.725,12.949,7.401,9.38,65.847,1.996,385.2,96.3,813.7,4,1.0,,affinity,"AMD64 Family 25 Model 80 Stepping 0, AuthenticAMD",
ssd_large_640,ssd,640,6,0,6,397,75.026,3.562,74.233,81.116,74.692,75.394,13.329,7.968,9.511,63.449,2.066,577.5,96.3,815.4,6,1.8,,affinity,"AMD64 Family 25 Model 80 Stepping 0, AuthenticAMD",
ssd_large_640,ssd,640,6,1,12,397,87.309,4.368,86.198,95.65,86.877,87.762,11.454,9.386,12.372,71.658,3.279,1116.9,93.1,778.4,12,9.1,,affinity,"AMD64 Family 25 Model 80 Stepping 0, AuthenticAMD",
ssd_large_960,ssd,960,1,0,1,397,325.016,8.05,324.335,336.029,324.207,325.779,3.077,7.278,16.27,306.122,2.623,98.1,98.1,1019.1,1,0.3,,affinity,"AMD64 Family 25 Model 80 Stepping 0, AuthenticAMD",
ssd_large_960,ssd,960,2,0,2,397,229.62,4.554,228.227,239.163,229.218,230.033,4.355,7.603,15.523,211.459,2.639,196.3,98.2,947.6,2,10.9,,affinity,"AMD64 Family 25 Model 80 Stepping 0, AuthenticAMD",
ssd_large_960,ssd,960,4,0,4,397,203.749,8.676,200.855,216.947,202.906,204.599,4.908,7.388,15.04,186.016,2.693,391.7,97.9,988.4,4,0.8,,affinity,"AMD64 Family 25 Model 80 Stepping 0, AuthenticAMD",
ssd_large_960,ssd,960,6,0,6,397,202.753,10.663,199.737,218.702,201.729,203.801,4.932,7.646,15.049,184.865,2.839,585.6,97.6,1008.5,6,2.9,,affinity,"AMD64 Family 25 Model 80 Stepping 0, AuthenticAMD",
ssd_large_960,ssd,960,6,1,12,397,230.726,7.903,228.527,248.295,229.942,231.532,4.334,9.594,19.641,206.725,4.359,1112.4,92.7,1012.1,12,0.0,,affinity,"AMD64 Family 25 Model 80 Stepping 0, AuthenticAMD",
ssd_small_320,ssd,320,1,0,1,397,27.413,0.396,27.345,28.057,27.376,27.455,36.479,7.232,6.374,18.42,2.619,98.7,98.7,650.9,1,0.0,,affinity,"AMD64 Family 25 Model 80 Stepping 0, AuthenticAMD",
ssd_small_320,ssd,320,2,0,2,397,25.73,0.257,25.686,26.21,25.703,25.753,38.866,7.217,6.198,16.941,2.591,189.4,94.7,663.8,2,1.0,,affinity,"AMD64 Family 25 Model 80 Stepping 0, AuthenticAMD",
ssd_small_320,ssd,320,4,0,4,397,25.117,0.409,25.004,25.79,25.077,25.16,39.814,7.445,6.249,16.223,2.645,371.6,92.9,658.5,4,10.1,,affinity,"AMD64 Family 25 Model 80 Stepping 0, AuthenticAMD",
ssd_small_320,ssd,320,6,0,6,397,24.962,1.494,24.659,25.559,24.831,25.118,40.061,7.884,6.353,15.903,2.706,555.7,92.6,666.9,6,4.1,,affinity,"AMD64 Family 25 Model 80 Stepping 0, AuthenticAMD",
ssd_small_320,ssd,320,6,1,12,397,32.499,0.929,32.28,34.113,32.41,32.596,30.771,9.228,7.902,20.306,4.29,1102.3,91.9,663.4,12,1.0,,affinity,"AMD64 Family 25 Model 80 Stepping 0, AuthenticAMD",
ssd_small_640,ssd,640,1,0,1,397,61.433,1.813,61.094,65.044,61.264,61.617,16.278,7.241,10.24,48.564,2.629,98.2,98.2,705.6,1,0.3,,affinity,"AMD64 Family 25 Model 80 Stepping 0, AuthenticAMD",
ssd_small_640,ssd,640,2,0,2,397,47.687,0.592,47.576,48.531,47.632,47.754,20.97,7.234,9.49,35.578,2.619,193.1,96.6,703.7,2,4.9,,affinity,"AMD64 Family 25 Model 80 Stepping 0, AuthenticAMD",
ssd_small_640,ssd,640,4,0,4,397,42.326,1.176,41.937,44.563,42.212,42.45,23.626,7.631,9.326,30.323,2.678,380.5,95.1,705.5,4,3.4,,affinity,"AMD64 Family 25 Model 80 Stepping 0, AuthenticAMD",
ssd_small_640,ssd,640,6,0,6,397,42.193,8.105,40.726,43.754,41.449,42.952,23.7,7.451,9.814,29.529,2.85,564.2,94.0,699.4,6,0.3,,affinity,"AMD64 Family 25 Model 80 Stepping 0, AuthenticAMD",
ssd_small_640,ssd,640,6,1,12,397,53.165,3.633,51.601,61.817,52.806,53.541,18.809,9.464,12.421,36.395,4.35,1091.1,90.9,703.4,12,4.9,,affinity,"AMD64 Family 25 Model 80 Stepping 0, AuthenticAMD",
ssd_small_960,ssd,960,1,0,1,397,136.043,5.819,134.788,141.659,135.506,136.713,7.351,7.657,17.711,115.68,2.652,98.2,98.2,770.2,1,1.3,,affinity,"AMD64 Family 25 Model 80 Stepping 0, AuthenticAMD",
ssd_small_960,ssd,960,2,0,2,397,95.635,2.318,96.29,98.956,95.408,95.869,10.456,7.204,15.529,77.462,2.644,195.3,97.7,767.0,2,0.0,,affinity,"AMD64 Family 25 Model 80 Stepping 0, AuthenticAMD",
ssd_small_960,ssd,960,4,0,4,397,81.331,1.974,80.937,84.715,81.142,81.52,12.295,7.472,14.918,63.747,2.666,387.7,96.9,770.7,4,9.9,,affinity,"AMD64 Family 25 Model 80 Stepping 0, AuthenticAMD",
ssd_small_960,ssd,960,6,0,6,397,80.516,6.614,79.249,86.93,79.947,81.188,12.42,7.606,15.185,62.525,2.806,579.6,96.6,770.9,6,3.6,,affinity,"AMD64 Family 25 Model 80 Stepping 0, AuthenticAMD",
ssd_small_960,ssd,960,6,1,12,397,96.714,5.14,95.705,107.967,96.242,97.213,10.34,9.558,19.256,73.144,4.314,1117.1,93.1,772.1,12,0.3,,affinity,"AMD64 Family 25 Model 80 Stepping 0, AuthenticAMD",
classical_tight,classical,960,6,0,6,397,25.59,4.05,25.459,32.042,25.206,26.0,39.078,6.585,0.0,25.59,0.0,165.3,27.6,553.2,6,4.3,,affinity,"AMD64 Family 25 Model 80 Stepping 0, AuthenticAMD",40.0
classical_tight,classical,960,6,1,12,397,25.707,4.318,25.545,32.432,25.285,26.134,38.9,6.664,0.0,25.707,0.0,230.9,19.2,559.2,12,3.4,,affinity,"AMD64 Family 25 Model 80 Stepping 0, AuthenticAMD",40.0
classical_loose,classical,960,1,0,1,397,123.787,22.374,129.03,151.605,121.631,125.906,8.078,6.755,0.0,123.787,0.0,96.8,96.8,546.7,1,7.2,,affinity,"AMD64 Family 25 Model 80 Stepping 0, AuthenticAMD",341.7
classical_loose,classical,960,2,0,2,397,120.276,22.618,123.794,151.47,118.151,122.552,8.314,6.71,0.0,120.276,0.0,106.0,53.0,547.3,2,1.8,,affinity,"AMD64 Family 25 Model 80 Stepping 0, AuthenticAMD",341.7
classical_strict,classical,960,1,0,1,397,34.165,4.532,34.305,40.377,33.763,34.646,29.27,6.66,0.0,34.165,0.0,94.8,94.8,545.6,1,21.1,,affinity,"AMD64 Family 25 Model 80 Stepping 0, AuthenticAMD",55.0
classical_strict,classical,960,2,0,2,397,29.191,3.686,29.224,34.091,28.846,29.575,34.257,6.397,0.0,29.191,0.0,123.4,61.7,546.5,2,3.9,,affinity,"AMD64 Family 25 Model 80 Stepping 0, AuthenticAMD",55.0
classical_strict,classical,960,4,0,4,397,26.965,4.922,26.513,35.728,26.521,27.462,37.085,6.466,0.0,26.965,0.0,144.4,36.1,549.6,4,2.6,,affinity,"AMD64 Family 25 Model 80 Stepping 0, AuthenticAMD",55.0
classical_strict,classical,960,6,0,6,397,25.271,3.927,25.162,31.026,24.903,25.68,39.571,6.397,0.0,25.271,0.0,162.8,27.1,553.4,6,13.4,,affinity,"AMD64 Family 25 Model 80 Stepping 0, AuthenticAMD",55.0
classical_strict,classical,960,6,1,12,397,25.697,4.051,25.538,31.15,25.312,26.134,38.916,6.482,0.0,25.697,0.0,244.7,20.4,561.7,12,2.6,,affinity,"AMD64 Family 25 Model 80 Stepping 0, AuthenticAMD",55.0
classical_balanced,classical,960,1,0,1,397,84.87,17.285,88.872,106.651,83.289,86.634,11.783,6.742,0.0,84.87,0.0,96.5,96.5,546.4,1,3.9,,affinity,"AMD64 Family 25 Model 80 Stepping 0, AuthenticAMD",207.0
classical_balanced,classical,960,2,0,2,397,77.242,16.001,81.027,97.078,75.743,78.878,12.946,6.502,0.0,77.242,0.0,110.4,55.2,547.9,2,3.9,,affinity,"AMD64 Family 25 Model 80 Stepping 0, AuthenticAMD",207.0
classical_balanced,classical,960,4,0,4,397,72.921,15.771,76.113,93.255,71.448,74.487,13.714,6.466,0.0,72.921,0.0,121.0,30.3,550.5,4,6.2,,affinity,"AMD64 Family 25 Model 80 Stepping 0, AuthenticAMD",207.0
classical_balanced,classical,960,6,0,6,397,72.026,15.494,75.393,92.034,70.602,73.621,13.884,6.41,0.0,72.026,0.0,124.8,20.8,553.8,6,5.2,,affinity,"AMD64 Family 25 Model 80 Stepping 0, AuthenticAMD",207.0
classical_balanced,classical,960,6,1,12,397,72.707,15.818,76.177,91.645,71.192,74.322,13.754,6.475,0.0,72.707,0.0,152.9,12.7,566.9,12,5.4,,affinity,"AMD64 Family 25 Model 80 Stepping 0, AuthenticAMD",207.0
classical_tight,classical,960,1,0,1,397,33.701,4.952,33.346,44.043,33.261,34.238,29.672,6.714,0.0,33.701,0.0,96.5,96.5,545.3,1,3.4,,affinity,"AMD64 Family 25 Model 80 Stepping 0, AuthenticAMD",40.0
classical_tight,classical,960,2,0,2,397,29.582,4.059,29.425,35.986,29.183,30.008,33.805,6.537,0.0,29.582,0.0,128.3,64.1,546.5,2,1.8,,affinity,"AMD64 Family 25 Model 80 Stepping 0, AuthenticAMD",40.0
classical_tight,classical,960,4,0,4,397,25.532,4.048,25.342,31.95,25.143,25.969,39.166,6.456,0.0,25.532,0.0,148.3,37.1,549.1,4,2.1,,affinity,"AMD64 Family 25 Model 80 Stepping 0, AuthenticAMD",40.0
classical_loose,classical,960,4,0,4,397,111.068,21.437,115.249,138.763,109.113,113.255,9.003,6.398,0.0,111.068,0.0,114.0,28.5,549.1,4,1.3,,affinity,"AMD64 Family 25 Model 80 Stepping 0, AuthenticAMD",341.7
classical_loose,classical,960,6,0,6,397,113.524,22.889,117.292,143.587,111.287,115.747,8.809,6.569,0.0,113.524,0.0,114.7,19.1,551.6,6,5.1,,affinity,"AMD64 Family 25 Model 80 Stepping 0, AuthenticAMD",341.7
classical_loose,classical,960,6,1,12,397,110.65,22.503,114.306,140.05,108.603,112.851,9.037,6.537,0.0,110.65,0.0,142.8,11.9,559.5,12,3.1,,affinity,"AMD64 Family 25 Model 80 Stepping 0, AuthenticAMD",341.7
ssd_small_320_anchor,ssd,320,1,0,1,397,33.639,6.112,31.258,45.394,33.074,34.287,29.727,16.727,7.445,22.916,3.279,79.3,79.3,647.9,1,14.4,,affinity,"AMD64 Family 25 Model 80 Stepping 0, AuthenticAMD",0.0
ssd_small_320_anchor,ssd,320,2,0,2,397,28.307,3.425,27.419,32.931,28.007,28.672,35.328,7.475,6.495,18.991,2.82,183.1,91.6,657.9,2,10.3,,affinity,"AMD64 Family 25 Model 80 Stepping 0, AuthenticAMD",0.0
ssd_small_320_anchor,ssd,320,4,0,4,397,27.443,3.416,26.231,34.746,27.106,27.802,36.44,8.097,6.67,17.811,2.962,369.6,92.4,662.7,4,4.9,,affinity,"AMD64 Family 25 Model 80 Stepping 0, AuthenticAMD",0.0
ssd_small_320_anchor,ssd,320,6,0,6,397,27.634,3.23,26.84,31.361,27.363,28.003,36.187,8.0,6.759,17.986,2.889,548.3,91.4,660.6,6,17.3,,affinity,"AMD64 Family 25 Model 80 Stepping 0, AuthenticAMD",0.0
ssd_small_320_anchor,ssd,320,6,1,12,397,36.902,6.394,35.46,42.06,36.376,37.691,27.099,9.577,8.127,24.249,4.525,986.4,82.2,663.8,12,5.2,,affinity,"AMD64 Family 25 Model 80 Stepping 0, AuthenticAMD",0.0
ssd_large_320_anchor,ssd,320,1,0,1,397,47.945,13.651,43.313,87.31,46.657,49.399,20.857,9.017,7.358,38.052,2.535,80.7,80.7,699.7,1,15.1,,affinity,"AMD64 Family 25 Model 80 Stepping 0, AuthenticAMD",0.0
ssd_large_320_anchor,ssd,320,2,0,2,397,114.759,501.212,85.673,141.476,83.385,169.5,8.714,7.818,7.569,104.924,2.266,111.0,55.5,681.8,2,14.8,,affinity,"AMD64 Family 25 Model 80 Stepping 0, AuthenticAMD",0.0
ssd_large_320_anchor,ssd,320,4,0,4,397,34.786,4.069,33.799,40.657,34.397,35.21,28.747,7.792,6.568,25.883,2.334,369.6,92.4,706.4,4,3.4,,affinity,"AMD64 Family 25 Model 80 Stepping 0, AuthenticAMD",0.0
ssd_large_320_anchor,ssd,320,6,0,6,397,31.862,2.671,30.922,36.694,31.631,32.15,31.385,8.159,6.441,22.99,2.431,558.2,93.0,706.4,6,9.2,,affinity,"AMD64 Family 25 Model 80 Stepping 0, AuthenticAMD",0.0
ssd_large_320_anchor,ssd,320,6,1,12,397,39.768,2.323,39.015,44.368,39.567,40.006,25.146,9.372,8.01,28.273,3.485,1091.9,91.0,708.6,12,1.8,,affinity,"AMD64 Family 25 Model 80 Stepping 0, AuthenticAMD",0.0
ssd_small_640_anchor,ssd,640,1,0,1,397,61.849,1.949,61.472,65.322,61.67,62.046,16.168,7.283,10.299,49.175,2.376,97.7,97.7,701.2,1,1.3,,affinity,"AMD64 Family 25 Model 80 Stepping 0, AuthenticAMD",0.0
ssd_small_640_anchor,ssd,640,2,0,2,397,47.457,1.625,47.198,49.552,47.314,47.649,21.072,7.415,9.666,35.436,2.355,191.7,95.9,701.8,2,1.6,,affinity,"AMD64 Family 25 Model 80 Stepping 0, AuthenticAMD",0.0
ssd_small_640_anchor,ssd,640,4,0,4,397,42.051,3.155,41.21,46.234,41.77,42.38,23.781,7.677,9.537,30.021,2.492,379.4,94.8,700.8,4,1.0,,affinity,"AMD64 Family 25 Model 80 Stepping 0, AuthenticAMD",0.0
ssd_small_640_anchor,ssd,640,6,0,6,397,40.37,1.696,39.946,43.724,40.205,40.54,24.771,7.986,9.547,28.186,2.637,565.8,94.3,703.7,6,3.6,,affinity,"AMD64 Family 25 Model 80 Stepping 0, AuthenticAMD",0.0
ssd_small_640_anchor,ssd,640,6,1,12,397,52.488,3.047,51.373,58.485,52.198,52.79,19.052,9.782,12.604,36.017,3.868,1090.9,90.9,703.5,12,1.8,,affinity,"AMD64 Family 25 Model 80 Stepping 0, AuthenticAMD",0.0
ssd_large_640_anchor,ssd,640,1,0,1,397,130.461,6.925,128.747,143.108,129.808,131.119,7.665,7.838,10.219,117.567,2.675,97.9,97.9,819.7,1,4.9,,affinity,"AMD64 Family 25 Model 80 Stepping 0, AuthenticAMD",0.0
ssd_large_640_anchor,ssd,640,2,0,2,397,91.88,3.188,91.649,96.461,91.58,92.2,10.884,7.304,9.592,79.617,2.672,194.2,97.1,814.2,2,4.7,,affinity,"AMD64 Family 25 Model 80 Stepping 0, AuthenticAMD",0.0
ssd_large_640_anchor,ssd,640,4,0,4,397,82.797,13.786,80.914,92.8,81.644,84.325,12.078,7.742,9.672,70.368,2.757,382.5,95.6,810.6,4,1.3,,affinity,"AMD64 Family 25 Model 80 Stepping 0, AuthenticAMD",0.0
ssd_large_640_anchor,ssd,640,6,0,6,397,79.886,5.997,79.524,88.795,79.349,80.456,12.518,7.724,9.647,67.425,2.814,575.5,95.9,811.8,6,1.0,,affinity,"AMD64 Family 25 Model 80 Stepping 0, AuthenticAMD",0.0
ssd_large_640_anchor,ssd,640,6,1,12,397,92.089,4.318,90.953,100.756,91.683,92.506,10.859,9.63,12.583,75.1,4.406,1106.7,92.2,815.1,12,4.1,,affinity,"AMD64 Family 25 Model 80 Stepping 0, AuthenticAMD",0.0
ssd_small_960_anchor,ssd,960,1,0,1,397,132.988,3.426,132.201,139.072,132.672,133.335,7.519,7.717,17.906,112.394,2.688,97.0,97.0,757.6,1,1.8,,affinity,"AMD64 Family 25 Model 80 Stepping 0, AuthenticAMD",0.0
ssd_small_960_anchor,ssd,960,2,0,2,397,94.012,4.041,93.23,101.118,93.619,94.422,10.637,7.32,15.709,75.618,2.686,194.1,97.1,767.8,2,1.6,,affinity,"AMD64 Family 25 Model 80 Stepping 0, AuthenticAMD",0.0
ssd_small_960_anchor,ssd,960,4,0,4,397,82.168,4.389,81.195,90.601,81.752,82.594,12.17,7.548,15.172,64.182,2.814,386.0,96.5,773.5,4,1.3,,affinity,"AMD64 Family 25 Model 80 Stepping 0, AuthenticAMD",0.0
ssd_small_960_anchor,ssd,960,6,0,6,397,79.835,5.265,78.811,86.588,79.392,80.369,12.526,7.848,15.256,61.707,2.872,575.1,95.9,771.1,6,0.3,,affinity,"AMD64 Family 25 Model 80 Stepping 0, AuthenticAMD",0.0
ssd_small_960_anchor,ssd,960,6,1,12,397,97.505,5.416,97.04,108.655,97.009,98.051,10.256,9.437,19.768,73.337,4.401,1099.3,91.6,769.3,12,2.6,,affinity,"AMD64 Family 25 Model 80 Stepping 0, AuthenticAMD",0.0
ssd_large_960_anchor,ssd,960,1,0,1,397,346.045,34.03,341.125,386.593,342.632,349.569,2.89,8.031,16.953,326.361,2.732,96.8,96.8,1016.1,1,1.3,,affinity,"AMD64 Family 25 Model 80 Stepping 0, AuthenticAMD",0.0
ssd_large_960_anchor,ssd,960,2,0,2,397,254.335,40.081,243.277,306.71,250.673,258.251,3.932,7.587,16.381,235.075,2.88,192.3,96.2,1027.3,2,10.4,,affinity,"AMD64 Family 25 Model 80 Stepping 0, AuthenticAMD",0.0
ssd_large_960_anchor,ssd,960,4,0,4,397,208.308,10.436,205.074,226.511,207.346,209.444,4.801,7.946,15.184,190.296,2.827,389.4,97.4,1027.8,4,6.5,,affinity,"AMD64 Family 25 Model 80 Stepping 0, AuthenticAMD",0.0
ssd_large_960_anchor,ssd,960,6,0,6,397,207.05,12.527,203.377,223.262,205.98,208.374,4.83,7.955,15.407,188.742,2.901,584.2,97.4,1028.8,6,2.9,,affinity,"AMD64 Family 25 Model 80 Stepping 0, AuthenticAMD",0.0
ssd_large_960_anchor,ssd,960,6,1,12,397,235.376,10.043,231.975,254.015,234.48,236.392,4.249,9.675,19.793,211.138,4.445,1081.0,90.1,1012.1,12,0.8,,affinity,"AMD64 Family 25 Model 80 Stepping 0, AuthenticAMD",0.0
ssd_small_960_groupnorm,ssd,960,1,0,1,397,150.098,3.382,149.257,156.901,149.764,150.418,6.662,7.716,16.528,130.873,2.696,97.7,97.7,769.5,1,11.2,,affinity,"AMD64 Family 25 Model 80 Stepping 0, AuthenticAMD",0.0
ssd_small_960_groupnorm,ssd,960,2,0,2,397,97.814,2.957,97.434,103.159,97.536,98.103,10.224,7.685,15.403,79.724,2.687,194.8,97.4,770.8,2,1.3,,affinity,"AMD64 Family 25 Model 80 Stepping 0, AuthenticAMD",0.0
ssd_small_960_groupnorm,ssd,960,4,0,4,397,83.422,5.294,82.037,89.996,82.931,83.905,11.987,7.633,15.044,65.622,2.755,386.1,96.5,769.9,4,2.9,,affinity,"AMD64 Family 25 Model 80 Stepping 0, AuthenticAMD",0.0
ssd_small_960_groupnorm,ssd,960,6,0,6,397,83.876,7.3,80.935,99.229,83.18,84.594,11.922,7.715,15.496,65.383,2.997,578.0,96.3,769.6,6,3.7,,affinity,"AMD64 Family 25 Model 80 Stepping 0, AuthenticAMD",0.0
ssd_small_960_groupnorm,ssd,960,6,1,12,397,98.928,6.424,97.747,111.045,98.282,99.578,10.108,9.547,19.132,75.368,4.429,1093.7,91.1,773.3,12,3.4,,affinity,"AMD64 Family 25 Model 80 Stepping 0, AuthenticAMD",0.0
classical_paired,classical,960,1,0,1,397,44.017,7.64,45.699,54.277,43.306,44.766,22.718,6.504,0.0,44.017,0.0,98.6,98.6,538.5,1,0.8,,affinity,"AMD64 Family 25 Model 80 Stepping 0, AuthenticAMD",341.3
classical_paired,classical,960,2,0,2,397,40.43,7.554,42.108,50.233,39.748,41.191,24.734,6.4,0.0,40.43,0.0,119.5,59.7,540.1,2,2.0,,affinity,"AMD64 Family 25 Model 80 Stepping 0, AuthenticAMD",341.3
classical_paired,classical,960,4,0,4,397,36.654,7.969,38.145,46.896,35.89,37.451,27.282,6.496,0.0,36.654,0.0,130.5,32.6,543.5,4,3.9,,affinity,"AMD64 Family 25 Model 80 Stepping 0, AuthenticAMD",341.3
classical_paired,classical,960,6,0,6,397,35.517,7.514,37.181,45.36,34.794,36.261,28.156,6.313,0.0,35.517,0.0,146.0,24.3,546.7,6,2.6,,affinity,"AMD64 Family 25 Model 80 Stepping 0, AuthenticAMD",341.3
classical_paired,classical,960,6,1,12,397,35.819,7.618,37.418,45.877,35.111,36.582,27.918,6.292,0.0,35.819,0.0,208.7,17.4,560.7,12,2.1,,affinity,"AMD64 Family 25 Model 80 Stepping 0, AuthenticAMD",341.3
frcnn_resnet50_640,frcnn,640,1,0,1,397,2210.119,33.172,2201.433,2273.188,2206.866,2213.498,0.452,7.795,10.794,2199.2,0.125,97.8,97.8,1088.1,1,4.2,,affinity,"AMD64 Family 25 Model 80 Stepping 0, AuthenticAMD",0.0
frcnn_resnet50_640,frcnn,640,2,0,2,397,1234.716,20.254,1232.967,1269.538,1232.846,1236.82,0.81,7.503,10.036,1224.557,0.123,197.4,98.7,1076.0,2,10.6,,affinity,"AMD64 Family 25 Model 80 Stepping 0, AuthenticAMD",0.0
frcnn_resnet50_640,frcnn,640,4,0,4,397,829.972,18.353,826.921,860.012,828.178,831.934,1.205,7.926,9.707,820.141,0.124,394.6,98.6,1084.0,4,2.9,,affinity,"AMD64 Family 25 Model 80 Stepping 0, AuthenticAMD",0.0
frcnn_resnet50_640,frcnn,640,6,0,6,397,709.833,32.118,701.7,783.368,706.9,712.994,1.409,7.966,9.82,699.871,0.142,590.6,98.4,1090.9,6,1.6,,affinity,"AMD64 Family 25 Model 80 Stepping 0, AuthenticAMD",0.0
frcnn_resnet50_640,frcnn,640,6,1,12,397,811.3,34.88,803.181,895.873,807.94,814.846,1.233,9.581,12.901,798.214,0.186,1128.3,94.0,1108.5,12,0.8,,affinity,"AMD64 Family 25 Model 80 Stepping 0, AuthenticAMD",0.0
frcnn_resnet50_640_anchor,frcnn,640,1,0,1,397,2382.88,69.951,2377.479,2477.77,2376.256,2389.726,0.42,8.106,11.44,2370.964,0.476,97.1,97.1,1099.4,1,10.4,1.76,affinity,"AMD64 Family 25 Model 80 Stepping 0, AuthenticAMD",0.0
frcnn_resnet50_640_anchor,frcnn,640,2,0,2,397,1334.033,72.267,1316.615,1457.776,1327.337,1341.108,0.75,8.055,10.532,1323.031,0.47,196.1,98.0,1088.7,2,15.1,1.55,affinity,"AMD64 Family 25 Model 80 Stepping 0, AuthenticAMD",0.0
frcnn_resnet50_640_anchor,frcnn,640,4,0,4,397,860.503,39.466,848.881,927.039,856.681,864.867,1.162,7.806,9.902,850.122,0.479,393.6,98.4,1095.0,4,1.8,0.82,affinity,"AMD64 Family 25 Model 80 Stepping 0, AuthenticAMD",0.0
frcnn_resnet50_640_anchor,frcnn,640,6,0,6,397,750.477,57.003,723.251,860.666,744.815,756.148,1.332,8.12,10.317,739.597,0.563,589.9,98.3,1085.2,6,1.6,1.21,affinity,"AMD64 Family 25 Model 80 Stepping 0, AuthenticAMD",0.0
frcnn_resnet50_640_anchor,frcnn,640,6,1,12,397,899.042,42.849,891.783,981.149,894.946,903.658,1.112,10.308,13.95,884.299,0.793,1049.7,87.5,1099.9,12,3.6,1.65,affinity,"AMD64 Family 25 Model 80 Stepping 0, AuthenticAMD",0.0
ssd_small_960_tiny,ssd,960,1,0,1,397,140.933,6.719,138.028,154.251,140.301,141.621,7.096,7.843,18.342,119.816,2.776,97.2,97.2,752.8,1,3.1,0.67,affinity,"AMD64 Family 25 Model 80 Stepping 0, AuthenticAMD",0.0
ssd_small_960_tiny,ssd,960,2,0,2,397,105.784,6.024,107.727,114.793,105.165,106.382,9.453,8.256,16.918,85.88,2.987,194.2,97.1,764.1,2,4.7,1.24,affinity,"AMD64 Family 25 Model 80 Stepping 0, AuthenticAMD",0.0
ssd_small_960_tiny,ssd,960,4,0,4,397,89.055,5.379,89.561,96.911,88.543,89.575,11.229,8.035,16.247,69.704,3.104,386.7,96.7,765.5,4,2.3,1.4,affinity,"AMD64 Family 25 Model 80 Stepping 0, AuthenticAMD",0.0
ssd_small_960_tiny,ssd,960,6,0,6,397,88.965,21.58,87.272,101.64,87.173,91.349,11.24,8.467,16.669,69.076,3.22,572.8,95.5,766.6,6,15.1,1.54,affinity,"AMD64 Family 25 Model 80 Stepping 0, AuthenticAMD",0.0
ssd_small_960_tiny,ssd,960,6,1,12,397,116.49,6.661,116.889,126.181,115.879,117.128,8.584,10.224,21.14,90.196,5.154,1006.2,83.8,773.7,12,1.0,1.91,affinity,"AMD64 Family 25 Model 80 Stepping 0, AuthenticAMD",0.0
classical_tuned,classical,960,1,0,1,397,39.122,4.809,39.395,45.848,38.627,39.592,25.561,7.211,0.0,39.122,0.0,96.9,96.9,541.6,1,2.6,0.72,affinity,"AMD64 Family 25 Model 80 Stepping 0, AuthenticAMD",48.4
classical_tuned,classical,960,2,0,2,397,33.405,4.642,33.758,39.983,32.954,33.877,29.936,6.609,0.0,33.405,0.0,122.5,61.3,543.4,2,5.5,0.45,affinity,"AMD64 Family 25 Model 80 Stepping 0, AuthenticAMD",48.4
classical_tuned,classical,960,4,0,4,397,29.439,4.469,29.815,35.923,28.999,29.863,33.968,6.284,0.0,29.439,0.0,143.3,35.8,545.4,4,4.9,0.6,affinity,"AMD64 Family 25 Model 80 Stepping 0, AuthenticAMD",48.4
classical_tuned,classical,960,6,0,6,397,29.155,4.636,29.439,36.058,28.693,29.616,34.299,6.504,0.0,29.155,0.0,154.2,25.7,548.5,6,2.1,0.74,affinity,"AMD64 Family 25 Model 80 Stepping 0, AuthenticAMD",48.4
classical_tuned,classical,960,6,1,12,397,28.742,4.5,28.944,35.45,28.289,29.159,34.793,6.569,0.0,28.742,0.0,220.2,18.4,554.8,12,5.1,0.57,affinity,"AMD64 Family 25 Model 80 Stepping 0, AuthenticAMD",48.4
fast_320_onnx,yolo,320,1,0,1,397,20.123,0.731,19.94,21.096,20.059,20.197,49.694,6.057,0.808,18.178,0.65,94.7,94.7,734.0,8,6.5,0.69,affinity,"AMD64 Family 25 Model 80 Stepping 0, AuthenticAMD",0.0
fast_320_onnx,yolo,320,4,0,4,397,13.844,2.582,13.496,14.38,13.628,14.115,72.232,6.161,0.548,12.169,0.625,330.5,82.6,736.0,8,2.9,0.87,affinity,"AMD64 Family 25 Model 80 Stepping 0, AuthenticAMD",0.0
fast_320_onnx,yolo,320,6,0,6,397,11.702,1.184,11.69,13.825,11.588,11.819,85.454,6.313,0.515,10.025,0.647,502.5,83.7,738.1,8,0.3,0.73,affinity,"AMD64 Family 25 Model 80 Stepping 0, AuthenticAMD",0.0
fast_320_onnx,yolo,320,6,1,12,397,13.09,0.454,13.038,13.907,13.046,13.132,76.393,7.001,0.54,11.279,0.687,761.3,63.4,743.0,8,6.5,0.92,affinity,"AMD64 Family 25 Model 80 Stepping 0, AuthenticAMD",0.0
fast_320_onnx_int8,yolo,320,1,0,1,397,31.993,3.995,31.32,34.157,31.673,32.436,31.257,6.077,0.753,30.034,0.722,95.2,95.2,737.2,8,1.8,1.05,affinity,"AMD64 Family 25 Model 80 Stepping 0, AuthenticAMD",0.0
fast_320_onnx_int8,yolo,320,4,0,4,397,22.51,4.383,21.629,22.975,22.123,23.007,44.425,6.104,0.573,20.815,0.633,341.6,85.4,738.8,8,1.6,0.76,affinity,"AMD64 Family 25 Model 80 Stepping 0, AuthenticAMD",0.0
fast_320_onnx_int8,yolo,320,6,0,6,397,21.026,6.084,18.961,26.574,20.447,21.655,47.561,6.621,1.091,18.471,0.898,522.7,87.1,741.7,8,3.1,1.04,affinity,"AMD64 Family 25 Model 80 Stepping 0, AuthenticAMD",0.0
fast_320_onnx_int8,yolo,320,6,1,12,397,21.624,0.489,21.528,22.563,21.574,21.674,46.245,6.952,0.617,19.752,0.689,801.7,66.8,745.3,8,3.6,0.83,affinity,"AMD64 Family 25 Model 80 Stepping 0, AuthenticAMD",0.0
fast_640_onnx,yolo,640,1,0,1,397,76.578,0.875,76.431,78.257,76.495,76.667,13.059,6.054,2.655,72.674,0.748,96.9,96.9,800.6,8,2.6,0.49,affinity,"AMD64 Family 25 Model 80 Stepping 0, AuthenticAMD",0.0
fast_640_onnx,yolo,640,4,0,4,397,50.762,10.474,46.334,75.975,49.811,51.712,19.7,6.315,2.168,47.335,0.724,353.3,88.3,804.4,8,2.1,1.09,affinity,"AMD64 Family 25 Model 80 Stepping 0, AuthenticAMD",0.0
fast_640_onnx,yolo,640,6,0,6,397,36.541,6.312,35.913,42.603,35.97,37.161,27.366,6.416,2.132,33.083,0.757,545.9,91.0,802.3,8,1.0,0.79,affinity,"AMD64 Family 25 Model 80 Stepping 0, AuthenticAMD",0.0
fast_640_onnx_int8,yolo,640,1,0,1,397,118.4,1.866,118.024,121.642,118.224,118.592,8.446,6.125,2.659,114.482,0.752,97.7,97.7,805.9,8,7.3,0.4,affinity,"AMD64 Family 25 Model 80 Stepping 0, AuthenticAMD",0.0
fast_640_onnx_int8,yolo,640,4,0,4,397,81.929,11.432,75.621,105.138,80.799,83.035,12.206,6.226,2.019,78.624,0.719,364.7,91.2,807.9,8,1.3,0.81,affinity,"AMD64 Family 25 Model 80 Stepping 0, AuthenticAMD",0.0
fast_640_onnx_int8,yolo,640,6,0,6,397,64.334,9.394,60.565,85.075,63.382,65.277,15.544,6.586,2.208,60.787,0.76,558.6,93.1,809.2,8,1.3,0.94,affinity,"AMD64 Family 25 Model 80 Stepping 0, AuthenticAMD",0.0
fast_640_onnx_int8,yolo,640,6,1,12,397,62.746,2.262,62.136,66.933,62.526,62.965,15.937,7.139,2.348,59.034,0.775,877.7,73.1,814.2,8,2.1,1.14,affinity,"AMD64 Family 25 Model 80 Stepping 0, AuthenticAMD",0.0
yolo_960_onnx,yolo,960,1,0,1,397,514.082,12.349,512.454,522.229,513.206,515.614,1.945,6.148,4.916,507.706,0.931,97.9,97.9,1080.9,8,3.1,0.39,affinity,"AMD64 Family 25 Model 80 Stepping 0, AuthenticAMD",0.0
yolo_960_onnx,yolo,960,4,0,4,397,278.625,11.681,278.588,298.298,277.54,279.802,3.589,6.212,4.012,273.27,0.806,366.9,91.7,1088.4,8,1.0,0.85,affinity,"AMD64 Family 25 Model 80 Stepping 0, AuthenticAMD",0.0
yolo_960_onnx,yolo,960,6,0,6,397,227.392,24.122,230.559,253.84,225.039,229.743,4.398,6.418,4.369,221.618,0.833,560.3,93.4,1087.2,8,3.4,0.91,affinity,"AMD64 Family 25 Model 80 Stepping 0, AuthenticAMD",0.0
yolo_960_onnx_int8,yolo,960,1,0,1,397,725.995,11.847,724.175,739.325,725.061,727.48,1.377,6.103,5.026,719.49,0.929,98.0,98.0,1110.5,8,7.3,0.39,affinity,"AMD64 Family 25 Model 80 Stepping 0, AuthenticAMD",0.0
yolo_960_onnx_int8,yolo,960,4,0,4,397,391.154,22.281,389.492,418.016,389.217,393.382,2.557,6.208,4.235,385.544,0.822,343.1,85.8,1113.2,8,2.1,0.88,affinity,"AMD64 Family 25 Model 80 Stepping 0, AuthenticAMD",0.0
yolo_960_onnx_int8,yolo,960,6,0,6,397,330.793,23.706,332.485,365.902,328.402,333.136,3.023,6.493,4.033,325.277,0.89,513.9,85.6,1114.1,8,1.8,0.93,affinity,"AMD64 Family 25 Model 80 Stepping 0, AuthenticAMD",0.0
yolo_960_onnx_int8,yolo,960,6,1,12,397,304.557,10.487,301.177,326.201,303.483,305.618,3.283,7.444,4.484,298.515,0.9,883.6,73.6,1119.9,8,3.9,1.18,affinity,"AMD64 Family 25 Model 80 Stepping 0, AuthenticAMD",0.0
fast_320_onnx,yolo,320,2,0,2,397,26.419,12.931,21.188,52.867,25.16,27.669,37.852,6.201,0.601,24.661,0.649,176.1,88.1,734.6,8,8.0,0.87,affinity,"AMD64 Family 25 Model 80 Stepping 0, AuthenticAMD",0.0
fast_320_onnx_int8,yolo,320,2,0,2,397,41.344,14.744,32.307,63.059,39.967,42.778,24.187,6.189,0.55,39.645,0.646,181.8,90.9,741.2,8,1.8,0.55,affinity,"AMD64 Family 25 Model 80 Stepping 0, AuthenticAMD",0.0
fast_640_onnx,yolo,640,2,0,2,397,106.625,28.759,107.945,140.646,103.798,109.367,9.379,6.227,2.137,103.216,0.74,183.5,91.8,801.1,8,1.5,0.71,affinity,"AMD64 Family 25 Model 80 Stepping 0, AuthenticAMD",0.0
fast_640_onnx,yolo,640,6,1,12,397,33.81,1.796,33.665,35.697,33.643,34.002,29.577,7.072,2.264,30.158,0.787,867.2,72.3,809.2,8,4.2,1.01,affinity,"AMD64 Family 25 Model 80 Stepping 0, AuthenticAMD",0.0
fast_640_onnx_int8,yolo,640,2,0,2,397,153.121,31.167,146.565,199.677,149.964,156.14,6.531,6.196,2.244,149.608,0.737,190.1,95.1,809.0,8,13.0,0.57,affinity,"AMD64 Family 25 Model 80 Stepping 0, AuthenticAMD",0.0
yolo_960_onnx,yolo,960,2,0,2,397,318.914,62.237,277.23,418.927,313.135,325.143,3.136,6.049,4.114,313.414,0.852,189.6,94.8,1083.9,8,2.6,0.61,affinity,"AMD64 Family 25 Model 80 Stepping 0, AuthenticAMD",0.0
yolo_960_onnx_int8,yolo,960,2,0,2,397,515.077,51.82,539.328,561.711,509.761,520.061,1.941,6.24,4.317,509.33,0.866,183.9,92.0,1110.7,8,2.6,0.69,affinity,"AMD64 Family 25 Model 80 Stepping 0, AuthenticAMD",0.0
yolo_960_onnx,yolo,960,6,1,12,397,186.75,6.235,185.563,196.54,186.165,187.405,5.355,7.262,4.523,180.677,0.929,968.5,80.7,1091.6,8,3.4,1.6,affinity,"AMD64 Family 25 Model 80 Stepping 0, AuthenticAMD",0.0
