sequence,tracker,detector,cores,smt,logical_cpus,frames,detect_ms,track_ms,total_ms,total_ci_low,total_ci_high,total_p95_ms,fps,decode_ms,tracks_in_flight,track_share,cpu_pct_mean,cpu_pct_of_cap,rss_peak_mib,baseline_cpu_pct,cpu_model
arc02,classical,yolo_960,1,0,1,60,412.825,0.135,412.96,409.924,416.267,432.644,2.422,6.572,5.4,0.0,96.9,96.9,840.6,20.0,"AMD64 Family 25 Model 80 Stepping 0, AuthenticAMD"
arc02,classical,yolo_960,2,0,2,60,254.713,0.125,254.838,248.329,260.671,280.488,3.924,6.539,5.4,0.0,190.8,95.4,840.8,5.5,"AMD64 Family 25 Model 80 Stepping 0, AuthenticAMD"
arc02,classical,yolo_960,4,0,4,60,171.561,0.135,171.696,165.423,177.532,202.356,5.824,6.681,5.4,0.001,383.9,96.0,849.3,10.6,"AMD64 Family 25 Model 80 Stepping 0, AuthenticAMD"
arc02,classical,yolo_960,6,0,6,60,143.944,0.14,144.084,142.775,145.552,152.912,6.94,6.848,5.4,0.001,589.0,98.2,849.3,18.4,"AMD64 Family 25 Model 80 Stepping 0, AuthenticAMD"
arc02,sort,yolo_960,1,0,1,60,404.834,0.364,405.197,402.708,407.973,421.58,2.468,6.493,5.4,0.001,97.9,97.9,860.1,2.6,"AMD64 Family 25 Model 80 Stepping 0, AuthenticAMD"
arc02,sort,yolo_960,2,0,2,60,268.948,0.364,269.312,267.914,270.705,278.351,3.713,6.617,5.4,0.001,191.3,95.7,873.4,5.7,"AMD64 Family 25 Model 80 Stepping 0, AuthenticAMD"
arc02,sort,yolo_960,4,0,4,60,139.523,0.361,139.884,139.296,140.523,145.322,7.149,6.607,5.4,0.003,385.0,96.2,881.2,11.7,"AMD64 Family 25 Model 80 Stepping 0, AuthenticAMD"
arc02,sort,yolo_960,6,0,6,60,146.965,0.392,147.357,145.63,149.487,160.844,6.786,6.812,5.4,0.003,588.4,98.1,880.9,17.1,"AMD64 Family 25 Model 80 Stepping 0, AuthenticAMD"
arc02,vit,yolo_960,1,0,1,60,409.14,98.385,507.525,503.623,511.817,535.539,1.97,6.587,5.4,0.194,96.6,96.6,847.6,1.3,"AMD64 Family 25 Model 80 Stepping 0, AuthenticAMD"
arc02,vit,yolo_960,2,0,2,60,227.737,99.778,327.515,324.033,330.787,349.659,3.053,6.517,5.4,0.305,193.1,96.5,873.7,5.2,"AMD64 Family 25 Model 80 Stepping 0, AuthenticAMD"
arc02,vit,yolo_960,4,0,4,60,183.624,101.512,285.136,281.735,288.688,301.837,3.507,6.592,5.4,0.356,382.2,95.5,878.8,10.9,"AMD64 Family 25 Model 80 Stepping 0, AuthenticAMD"
arc02,vit,yolo_960,6,0,6,60,158.343,103.383,261.726,257.11,266.504,293.035,3.821,6.725,5.4,0.395,585.0,97.5,889.7,18.8,"AMD64 Family 25 Model 80 Stepping 0, AuthenticAMD"
arc02,goturn,yolo_960,1,0,1,60,409.377,4479.028,4888.405,4757.351,5024.203,5387.074,0.205,6.588,5.4,0.916,97.9,97.9,7247.5,0.5,"AMD64 Family 25 Model 80 Stepping 0, AuthenticAMD"
arc02,goturn,yolo_960,2,0,2,60,250.633,4393.661,4644.293,4516.396,4777.498,5147.762,0.215,6.429,5.4,0.946,108.6,54.3,7345.5,5.2,"AMD64 Family 25 Model 80 Stepping 0, AuthenticAMD"
arc02,goturn,yolo_960,4,0,4,60,173.978,4374.676,4548.653,4422.553,4680.685,5062.99,0.22,6.395,5.4,0.962,122.6,30.6,7354.6,11.7,"AMD64 Family 25 Model 80 Stepping 0, AuthenticAMD"
arc02,goturn,yolo_960,6,0,6,60,152.18,4375.661,4527.842,4397.089,4657.783,5102.791,0.221,6.401,5.4,0.966,135.1,22.5,7354.0,18.5,"AMD64 Family 25 Model 80 Stepping 0, AuthenticAMD"
arc04,classical,yolo_960,1,0,1,60,402.066,0.112,402.178,400.915,403.453,409.985,2.486,3.607,4.0,0.0,96.1,96.1,818.3,1.3,"AMD64 Family 25 Model 80 Stepping 0, AuthenticAMD"
arc04,classical,yolo_960,2,0,2,60,265.042,0.108,265.15,261.837,268.122,276.502,3.771,3.668,4.0,0.0,192.0,96.0,826.6,3.9,"AMD64 Family 25 Model 80 Stepping 0, AuthenticAMD"
arc04,classical,yolo_960,4,0,4,60,178.928,0.107,179.035,178.371,179.778,183.793,5.585,3.656,4.0,0.001,384.9,96.2,827.4,11.9,"AMD64 Family 25 Model 80 Stepping 0, AuthenticAMD"
arc04,classical,yolo_960,6,0,6,60,143.292,0.11,143.403,142.021,145.105,149.094,6.973,3.847,4.0,0.001,592.1,98.7,828.3,19.2,"AMD64 Family 25 Model 80 Stepping 0, AuthenticAMD"
arc04,sort,yolo_960,1,0,1,60,402.888,0.296,403.184,401.042,405.228,417.244,2.48,3.591,4.0,0.001,96.8,96.8,854.9,3.4,"AMD64 Family 25 Model 80 Stepping 0, AuthenticAMD"
arc04,sort,yolo_960,2,0,2,60,266.814,0.294,267.107,266.468,267.863,273.068,3.744,3.675,4.0,0.001,191.3,95.7,858.2,4.8,"AMD64 Family 25 Model 80 Stepping 0, AuthenticAMD"
arc04,sort,yolo_960,4,0,4,60,176.431,0.301,176.731,176.074,177.373,180.646,5.658,3.713,4.0,0.002,385.2,96.3,861.0,10.7,"AMD64 Family 25 Model 80 Stepping 0, AuthenticAMD"
arc04,sort,yolo_960,6,0,6,60,151.415,0.331,151.746,148.73,155.206,185.526,6.59,3.872,4.0,0.002,587.7,98.0,860.5,16.6,"AMD64 Family 25 Model 80 Stepping 0, AuthenticAMD"
arc04,vit,yolo_960,1,0,1,60,398.972,71.275,470.247,465.09,474.844,493.136,2.127,3.578,4.0,0.152,97.8,97.8,844.3,0.8,"AMD64 Family 25 Model 80 Stepping 0, AuthenticAMD"
arc04,vit,yolo_960,2,0,2,60,268.1,72.436,340.536,334.574,345.749,368.054,2.937,3.616,4.0,0.213,191.1,95.5,845.3,5.4,"AMD64 Family 25 Model 80 Stepping 0, AuthenticAMD"
arc04,vit,yolo_960,4,0,4,60,181.757,72.433,254.19,250.04,258.226,272.279,3.934,3.648,4.0,0.285,380.8,95.2,860.4,11.5,"AMD64 Family 25 Model 80 Stepping 0, AuthenticAMD"
arc04,vit,yolo_960,6,0,6,60,144.117,75.96,220.077,215.329,224.53,237.858,4.544,3.744,4.0,0.345,584.5,97.4,860.7,16.6,"AMD64 Family 25 Model 80 Stepping 0, AuthenticAMD"
arc04,goturn,yolo_960,1,0,1,60,405.175,3345.888,3751.063,3542.203,3950.667,4561.393,0.267,3.72,4.0,0.892,97.8,97.8,5636.3,2.3,"AMD64 Family 25 Model 80 Stepping 0, AuthenticAMD"
arc04,goturn,yolo_960,2,0,2,60,249.719,3214.662,3464.381,3260.414,3659.155,4262.635,0.289,3.607,4.0,0.928,111.4,55.7,5652.1,4.7,"AMD64 Family 25 Model 80 Stepping 0, AuthenticAMD"
arc04,goturn,yolo_960,4,0,4,60,167.33,3213.121,3380.451,3178.753,3575.625,4168.791,0.296,3.602,4.0,0.951,129.7,32.4,5660.4,10.9,"AMD64 Family 25 Model 80 Stepping 0, AuthenticAMD"
arc04,goturn,yolo_960,6,0,6,60,151.746,3211.419,3363.166,3163.334,3551.003,4114.52,0.297,3.602,4.0,0.955,147.9,24.6,5654.8,19.2,"AMD64 Family 25 Model 80 Stepping 0, AuthenticAMD"
arc06,classical,yolo_960,1,0,1,60,397.228,0.142,397.37,395.959,398.84,406.556,2.517,7.109,6.0,0.0,98.0,98.0,830.4,1.0,"AMD64 Family 25 Model 80 Stepping 0, AuthenticAMD"
arc06,classical,yolo_960,2,0,2,60,264.66,0.147,264.806,264.229,265.425,268.739,3.776,7.333,6.0,0.001,191.4,95.7,830.7,5.7,"AMD64 Family 25 Model 80 Stepping 0, AuthenticAMD"
arc06,classical,yolo_960,4,0,4,60,212.305,0.147,212.451,208.259,216.592,223.354,4.707,7.201,6.0,0.001,390.5,97.6,823.5,10.9,"AMD64 Family 25 Model 80 Stepping 0, AuthenticAMD"
arc06,classical,yolo_960,6,0,6,60,143.348,0.153,143.501,142.396,144.952,150.5,6.969,7.492,6.0,0.001,589.9,98.3,835.1,20.4,"AMD64 Family 25 Model 80 Stepping 0, AuthenticAMD"
arc06,sort,yolo_960,1,0,1,60,399.66,0.394,400.054,398.308,401.857,411.822,2.5,7.131,6.0,0.001,97.8,97.8,862.0,1.6,"AMD64 Family 25 Model 80 Stepping 0, AuthenticAMD"
arc06,sort,yolo_960,2,0,2,60,232.555,0.404,232.958,228.769,237.454,265.457,4.293,7.253,6.0,0.002,194.7,97.3,858.8,3.9,"AMD64 Family 25 Model 80 Stepping 0, AuthenticAMD"
arc06,sort,yolo_960,4,0,4,60,139.97,0.396,140.366,138.914,142.135,150.127,7.124,7.48,6.0,0.003,383.8,95.9,866.6,13.0,"AMD64 Family 25 Model 80 Stepping 0, AuthenticAMD"
arc06,sort,yolo_960,6,0,6,60,147.473,0.44,147.913,146.407,149.421,158.179,6.761,7.683,6.0,0.003,587.9,98.0,866.5,16.1,"AMD64 Family 25 Model 80 Stepping 0, AuthenticAMD"
arc06,vit,yolo_960,1,0,1,60,398.469,112.345,510.814,507.818,513.741,523.571,1.958,7.215,6.0,0.22,97.9,97.9,869.6,1.6,"AMD64 Family 25 Model 80 Stepping 0, AuthenticAMD"
arc06,vit,yolo_960,2,0,2,60,233.928,114.792,348.72,342.967,354.548,392.816,2.868,7.354,6.0,0.329,192.2,96.1,874.2,7.8,"AMD64 Family 25 Model 80 Stepping 0, AuthenticAMD"
arc06,vit,yolo_960,4,0,4,60,180.141,114.977,295.118,292.357,298.092,309.482,3.388,7.296,6.0,0.39,379.3,94.8,869.6,11.9,"AMD64 Family 25 Model 80 Stepping 0, AuthenticAMD"
arc06,vit,yolo_960,6,0,6,60,164.788,125.954,290.742,283.325,299.169,357.87,3.439,7.564,6.0,0.433,585.1,97.5,884.6,18.8,"AMD64 Family 25 Model 80 Stepping 0, AuthenticAMD"
arc06,goturn,yolo_960,1,0,1,60,402.636,5103.151,5505.787,5365.906,5636.527,6181.792,0.182,7.303,6.0,0.927,97.5,97.5,8991.3,0.8,"AMD64 Family 25 Model 80 Stepping 0, AuthenticAMD"
arc06,goturn,yolo_960,2,0,2,60,244.726,4968.741,5213.467,5073.729,5345.503,5903.572,0.192,7.109,6.0,0.953,107.5,53.7,9023.9,16.1,"AMD64 Family 25 Model 80 Stepping 0, AuthenticAMD"
arc06,goturn,yolo_960,4,0,4,60,168.597,4949.204,5117.801,4982.652,5245.542,5778.157,0.195,7.066,6.0,0.967,119.8,29.9,9024.8,13.7,"AMD64 Family 25 Model 80 Stepping 0, AuthenticAMD"
arc06,goturn,yolo_960,6,0,6,60,155.714,4948.172,5103.886,4968.232,5233.372,5805.065,0.196,7.097,6.0,0.969,132.0,22.0,9033.3,20.8,"AMD64 Family 25 Model 80 Stepping 0, AuthenticAMD"
arc02,classical,fast_960,1,0,1,30,162.719,0.121,162.841,161.626,164.082,166.724,6.141,7.966,4.8,0.001,95.2,95.2,751.8,3.0,"AMD64 Family 25 Model 80 Stepping 0, AuthenticAMD"
arc02,classical,fast_960,6,0,6,30,76.786,0.127,76.913,73.562,80.886,90.679,13.002,6.988,4.8,0.002,591.7,98.6,752.7,18.4,"AMD64 Family 25 Model 80 Stepping 0, AuthenticAMD"
arc02,sort,fast_960,1,0,1,30,161.61,0.322,161.932,161.175,162.715,164.868,6.175,6.37,4.8,0.002,98.2,98.2,785.5,1.0,"AMD64 Family 25 Model 80 Stepping 0, AuthenticAMD"
arc02,sort,fast_960,6,0,6,30,67.476,0.353,67.829,65.909,69.988,78.804,14.743,6.833,4.8,0.005,590.0,98.3,783.9,18.7,"AMD64 Family 25 Model 80 Stepping 0, AuthenticAMD"
arc02,vit,fast_960,1,0,1,30,160.864,84.258,245.121,243.195,246.884,250.569,4.08,6.441,4.8,0.344,97.1,97.1,770.8,1.8,"AMD64 Family 25 Model 80 Stepping 0, AuthenticAMD"
arc02,vit,fast_960,6,0,6,30,69.091,90.429,159.52,155.987,163.176,171.139,6.269,7.016,4.8,0.567,583.0,97.2,783.2,19.0,"AMD64 Family 25 Model 80 Stepping 0, AuthenticAMD"
arc02,goturn,fast_960,1,0,1,10,168.553,4080.872,4249.425,4229.402,4274.956,4292.867,0.235,6.583,5.0,0.96,97.9,97.9,5528.7,1.8,"AMD64 Family 25 Model 80 Stepping 0, AuthenticAMD"
arc02,goturn,fast_960,6,0,6,10,67.953,4006.914,4074.867,4054.71,4097.313,4122.387,0.245,6.358,5.0,0.983,128.9,21.5,5623.2,17.2,"AMD64 Family 25 Model 80 Stepping 0, AuthenticAMD"
arc02,classical,ssd_small_960_anchor,1,0,1,30,141.842,0.176,142.018,141.311,142.739,145.439,7.041,7.028,6.0,0.001,95.9,95.9,744.6,1.6,"AMD64 Family 25 Model 80 Stepping 0, AuthenticAMD"
arc02,classical,ssd_small_960_anchor,6,0,6,30,90.822,0.193,91.016,89.719,92.431,97.69,10.987,7.351,6.0,0.002,597.2,99.5,757.9,19.0,"AMD64 Family 25 Model 80 Stepping 0, AuthenticAMD"
arc02,sort,ssd_small_960_anchor,1,0,1,30,147.562,0.442,148.004,145.325,151.096,155.794,6.757,7.087,6.0,0.003,97.6,97.6,779.8,7.4,"AMD64 Family 25 Model 80 Stepping 0, AuthenticAMD"
arc02,sort,ssd_small_960_anchor,6,0,6,30,92.852,0.524,93.375,91.052,95.879,102.773,10.709,7.44,6.0,0.006,591.5,98.6,792.5,19.7,"AMD64 Family 25 Model 80 Stepping 0, AuthenticAMD"
arc02,vit,ssd_small_960_anchor,1,0,1,30,141.273,114.301,255.574,251.337,259.45,266.996,3.913,7.027,6.0,0.447,96.1,96.1,776.2,2.3,"AMD64 Family 25 Model 80 Stepping 0, AuthenticAMD"
arc02,vit,ssd_small_960_anchor,6,0,6,30,96.666,109.184,205.85,200.473,212.016,222.769,4.858,7.455,6.0,0.53,584.8,97.5,800.6,18.2,"AMD64 Family 25 Model 80 Stepping 0, AuthenticAMD"
arc02,goturn,ssd_small_960_anchor,1,0,1,10,149.769,4781.861,4931.63,4736.918,5135.375,5166.609,0.203,7.108,5.7,0.97,98.5,98.5,7215.6,2.3,"AMD64 Family 25 Model 80 Stepping 0, AuthenticAMD"
arc02,goturn,ssd_small_960_anchor,6,0,6,10,100.657,4418.867,4519.523,4339.577,4706.127,4648.514,0.221,6.96,5.7,0.978,148.9,24.8,7203.0,18.0,"AMD64 Family 25 Model 80 Stepping 0, AuthenticAMD"
arc02,classical,strict,1,0,1,30,36.558,0.92,37.478,36.431,38.469,41.167,26.682,6.905,19.4,0.025,100.1,100.1,538.1,3.1,"AMD64 Family 25 Model 80 Stepping 0, AuthenticAMD"
arc02,classical,strict,6,0,6,30,28.704,0.899,29.603,28.594,30.551,33.214,33.781,6.82,19.4,0.03,165.3,27.5,542.4,1.6,"AMD64 Family 25 Model 80 Stepping 0, AuthenticAMD"
arc02,sort,strict,1,0,1,30,37.031,1.667,38.699,37.589,39.782,42.714,25.841,6.918,19.5,0.043,99.0,99.0,576.1,1.0,"AMD64 Family 25 Model 80 Stepping 0, AuthenticAMD"
arc02,sort,strict,6,0,6,30,30.231,1.697,31.928,30.808,32.959,36.816,31.32,7.035,19.5,0.053,150.8,25.1,571.5,14.8,"AMD64 Family 25 Model 80 Stepping 0, AuthenticAMD"
arc02,vit,strict,1,0,1,30,37.666,473.78,511.446,497.438,526.558,573.192,1.955,7.297,17.7,0.926,98.1,98.1,808.7,3.9,"AMD64 Family 25 Model 80 Stepping 0, AuthenticAMD"
arc02,vit,strict,6,0,6,30,28.843,408.437,437.28,425.148,450.418,499.228,2.287,6.826,17.7,0.934,202.9,33.8,817.2,2.3,"AMD64 Family 25 Model 80 Stepping 0, AuthenticAMD"
arc02,goturn,strict,1,0,1,10,168.356,165398.707,165567.063,105864.424,233972.31,297257.602,0.006,56.655,19.7,0.999,56.0,56.0,21711.9,1.6,"AMD64 Family 25 Model 80 Stepping 0, AuthenticAMD"
arc02,goturn,strict,6,0,6,10,170.956,128325.528,128496.484,97853.741,158907.334,160271.238,0.008,39.664,19.7,0.999,78.4,13.1,19760.8,8.3,"AMD64 Family 25 Model 80 Stepping 0, AuthenticAMD"
arc06,classical,fast_960,1,0,1,30,162.912,0.159,163.071,161.73,164.646,168.402,6.132,15.449,6.1,0.001,96.4,96.4,756.8,7.8,"AMD64 Family 25 Model 80 Stepping 0, AuthenticAMD"
arc06,classical,fast_960,6,0,6,30,64.962,0.16,65.122,64.022,66.26,70.144,15.356,7.592,6.1,0.002,590.0,98.3,756.6,17.7,"AMD64 Family 25 Model 80 Stepping 0, AuthenticAMD"
arc06,sort,fast_960,1,0,1,30,154.762,0.414,155.176,154.58,155.739,156.816,6.444,7.284,6.1,0.003,93.3,93.3,789.5,0.3,"AMD64 Family 25 Model 80 Stepping 0, AuthenticAMD"
arc06,sort,fast_960,6,0,6,30,66.386,0.458,66.844,64.894,68.849,77.904,14.96,7.73,6.1,0.007,586.8,97.8,788.0,16.1,"AMD64 Family 25 Model 80 Stepping 0, AuthenticAMD"
arc06,vit,fast_960,1,0,1,30,154.458,118.982,273.44,266.874,280.139,300.242,3.657,7.276,6.1,0.435,98.2,98.2,809.3,5.2,"AMD64 Family 25 Model 80 Stepping 0, AuthenticAMD"
arc06,vit,fast_960,6,0,6,30,64.962,126.348,191.31,183.535,198.574,219.656,5.227,7.542,6.1,0.66,578.9,96.5,808.5,18.8,"AMD64 Family 25 Model 80 Stepping 0, AuthenticAMD"
arc06,goturn,fast_960,1,0,1,10,158.485,4536.429,4694.914,4358.959,5063.577,5211.97,0.213,7.358,5.1,0.966,97.9,97.9,8892.4,2.6,"AMD64 Family 25 Model 80 Stepping 0, AuthenticAMD"
arc06,goturn,fast_960,6,0,6,10,66.088,4424.356,4490.443,4168.034,4830.757,5094.789,0.223,7.088,5.1,0.985,126.1,21.0,8920.9,19.3,"AMD64 Family 25 Model 80 Stepping 0, AuthenticAMD"
arc06,classical,ssd_small_960_anchor,1,0,1,30,144.061,0.1,144.161,142.476,146.355,154.679,6.937,7.972,3.3,0.001,99.2,99.2,745.8,1.6,"AMD64 Family 25 Model 80 Stepping 0, AuthenticAMD"
arc06,classical,ssd_small_960_anchor,6,0,6,30,91.227,0.103,91.33,89.208,93.971,103.325,10.949,8.18,3.3,0.001,598.2,99.7,757.2,19.8,"AMD64 Family 25 Model 80 Stepping 0, AuthenticAMD"
arc06,sort,ssd_small_960_anchor,1,0,1,30,142.551,0.28,142.831,141.419,144.428,149.974,7.001,8.011,3.3,0.002,98.4,98.4,777.6,2.6,"AMD64 Family 25 Model 80 Stepping 0, AuthenticAMD"
arc06,vit,ssd_small_960_anchor,1,0,1,30,143.876,60.993,204.869,201.571,208.3,218.167,4.881,7.987,3.3,0.298,98.6,98.6,771.2,1.8,"AMD64 Family 25 Model 80 Stepping 0, AuthenticAMD"
arc06,vit,ssd_small_960_anchor,6,0,6,30,93.986,56.915,150.9,147.239,154.598,163.472,6.627,8.5,3.3,0.377,594.1,99.0,795.6,18.8,"AMD64 Family 25 Model 80 Stepping 0, AuthenticAMD"
arc06,goturn,ssd_small_960_anchor,1,0,1,10,159.014,2588.145,2747.159,2586.444,2945.633,3164.776,0.364,8.093,3.1,0.942,98.4,98.4,4650.6,2.9,"AMD64 Family 25 Model 80 Stepping 0, AuthenticAMD"
arc06,goturn,ssd_small_960_anchor,6,0,6,10,103.267,2377.591,2480.858,2351.601,2646.967,2857.046,0.403,7.666,3.1,0.958,168.0,28.0,4683.9,18.0,"AMD64 Family 25 Model 80 Stepping 0, AuthenticAMD"
arc06,classical,strict,1,0,1,30,24.091,0.284,24.376,24.018,24.824,25.875,41.024,8.028,5.7,0.012,95.7,95.7,529.5,1.3,"AMD64 Family 25 Model 80 Stepping 0, AuthenticAMD"
arc06,classical,strict,6,0,6,30,15.851,0.281,16.132,15.907,16.366,17.358,61.989,7.891,5.7,0.017,165.8,27.6,539.2,7.6,"AMD64 Family 25 Model 80 Stepping 0, AuthenticAMD"
arc06,sort,strict,1,0,1,30,24.314,0.61,24.925,24.606,25.277,26.596,40.121,8.019,5.5,0.024,95.8,95.8,564.7,1.6,"AMD64 Family 25 Model 80 Stepping 0, AuthenticAMD"
arc06,sort,strict,6,0,6,30,16.023,0.602,16.625,16.302,17.001,17.869,60.15,7.874,5.5,0.036,188.0,31.3,579.3,4.6,"AMD64 Family 25 Model 80 Stepping 0, AuthenticAMD"
arc06,vit,strict,1,0,1,30,24.447,174.59,199.037,189.763,208.702,237.435,5.024,7.97,5.6,0.877,98.5,98.5,645.7,2.1,"AMD64 Family 25 Model 80 Stepping 0, AuthenticAMD"
arc06,vit,strict,6,0,6,30,16.121,147.58,163.701,155.106,172.513,201.366,6.109,7.769,5.6,0.902,207.2,34.5,652.4,3.9,"AMD64 Family 25 Model 80 Stepping 0, AuthenticAMD"
arc06,goturn,strict,1,0,1,10,111.757,21245.452,21357.209,17331.057,25222.761,29187.74,0.047,41.285,6.9,0.995,81.2,81.2,13239.4,3.1,"AMD64 Family 25 Model 80 Stepping 0, AuthenticAMD"
arc06,goturn,strict,6,0,6,10,91.688,16209.988,16301.677,12487.398,20374.611,28425.129,0.061,26.236,6.9,0.994,141.1,23.5,12737.4,5.2,"AMD64 Family 25 Model 80 Stepping 0, AuthenticAMD"
arc06,sort,ssd_small_960_anchor,6,0,6,30,93.08,0.341,93.422,91.849,95.104,101.545,10.704,10.24,3.3,0.004,592.5,98.7,791.2,19.4,"AMD64 Family 25 Model 80 Stepping 0, AuthenticAMD"
arc02,sort,frcnn_resnet50_640,1,0,1,30,2259.072,0.376,2259.448,2254.329,2265.531,2271.17,0.443,15.743,4.1,0.0,98.0,98.0,1041.9,4.9,"AMD64 Family 25 Model 80 Stepping 0, AuthenticAMD"
arc02,sort,frcnn_resnet50_640,6,0,6,30,739.521,0.397,739.918,732.098,749.04,772.933,1.352,7.525,4.1,0.001,592.0,98.7,1046.5,18.1,"AMD64 Family 25 Model 80 Stepping 0, AuthenticAMD"
arc06,sort,frcnn_resnet50_640,1,0,1,30,2251.234,0.543,2251.777,2242.576,2264.666,2274.985,0.444,8.028,8.5,0.0,97.7,97.7,1049.3,1.3,"AMD64 Family 25 Model 80 Stepping 0, AuthenticAMD"
arc06,sort,frcnn_resnet50_640,6,0,6,30,733.289,0.608,733.896,728.537,739.762,755.385,1.363,8.363,8.5,0.001,593.4,98.9,1063.3,21.2,"AMD64 Family 25 Model 80 Stepping 0, AuthenticAMD"
